{
  "Token-0" : {
    "transaction" : "Token-0",
    "sampleCount" : 80,
    "errorCount" : 0,
    "errorPct" : 0.0,
    "meanResTime" : 205.2125,
    "medianResTime" : 99.5,
    "minResTime" : 30.0,
    "maxResTime" : 1074.0,
    "pct1ResTime" : 518.6000000000003,
    "pct2ResTime" : 586.85,
    "pct3ResTime" : 1074.0,
    "throughput" : 0.5256552621377085,
    "receivedKBytesPerSec" : 0.3145461541746884,
    "sentKBytesPerSec" : 0.14168051987305424
  },
  "Token-1" : {
    "transaction" : "Token-1",
    "sampleCount" : 80,
    "errorCount" : 0,
    "errorPct" : 0.0,
    "meanResTime" : 1434.8124999999995,
    "medianResTime" : 620.0,
    "minResTime" : 224.0,
    "maxResTime" : 5617.0,
    "pct1ResTime" : 3469.2,
    "pct2ResTime" : 5032.25,
    "pct3ResTime" : 5617.0,
    "throughput" : 0.5223636957231472,
    "receivedKBytesPerSec" : 0.43805985757427357,
    "sentKBytesPerSec" : 0.14079333986287954
  },
  "Total" : {
    "transaction" : "Total",
    "sampleCount" : 320,
    "errorCount" : 0,
    "errorPct" : 0.0,
    "meanResTime" : 11606.693749999988,
    "medianResTime" : 687.5,
    "minResTime" : 30.0,
    "maxResTime" : 57633.0,
    "pct1ResTime" : 43784.100000000006,
    "pct2ResTime" : 44846.049999999996,
    "pct3ResTime" : 57329.600000000006,
    "throughput" : 1.7224118071329377,
    "receivedKBytesPerSec" : 1.621278984961192,
    "sentKBytesPerSec" : 0.6921606041359414
  },
  "Token" : {
    "transaction" : "Token",
    "sampleCount" : 80,
    "errorCount" : 0,
    "errorPct" : 0.0,
    "meanResTime" : 1640.3999999999996,
    "medianResTime" : 823.5,
    "minResTime" : 277.0,
    "maxResTime" : 5908.0,
    "pct1ResTime" : 3845.9,
    "pct2ResTime" : 5572.1,
    "pct3ResTime" : 5908.0,
    "throughput" : 0.5212133847597206,
    "receivedKBytesPerSec" : 0.7489833794009956,
    "sentKBytesPerSec" : 0.2809665902220369
  },
  "Gerar Cotacao" : {
    "transaction" : "Gerar Cotacao",
    "sampleCount" : 80,
    "errorCount" : 0,
    "errorPct" : 0.0,
    "meanResTime" : 43146.350000000006,
    "medianResTime" : 42898.5,
    "minResTime" : 31065.0,
    "maxResTime" : 57633.0,
    "pct1ResTime" : 54611.6,
    "pct2ResTime" : 57218.55,
    "pct3ResTime" : 57633.0,
    "throughput" : 0.43955077910375595,
    "receivedKBytesPerSec" : 0.39170026826333487,
    "sentKBytesPerSec" : 0.23265285378343334
  }
}